timeStamp,elapsed,label,responseCode,responseMessage,threadName,dataType,success,failureMessage,bytes,sentBytes,grpThreads,allThreads,URL,Latency,IdleTime,Connect
1647161854495,14,Home Request,200,OK,Thread Group 1-1,text,true,,18953,116,1,1,http://localhost/blog/,14,0,1
1647161854509,11,Contacts Request,200,OK,Thread Group 1-1,text,true,,17283,123,1,1,http://localhost/blog/contact,11,0,0
1647161855509,18,Home Request,200,OK,Thread Group 1-2,text,true,,18953,116,1,1,http://localhost/blog/,18,0,2
1647161855528,4,Contacts Request,200,OK,Thread Group 1-2,text,true,,17283,123,1,1,http://localhost/blog/contact,4,0,0
1647161856502,7,Home Request,200,OK,Thread Group 1-3,text,true,,18953,116,1,1,http://localhost/blog/,7,0,1
1647161856509,4,Contacts Request,200,OK,Thread Group 1-3,text,true,,17283,123,1,1,http://localhost/blog/contact,4,0,0
1647161857498,7,Home Request,200,OK,Thread Group 1-4,text,true,,18953,116,1,1,http://localhost/blog/,7,0,1
1647161857506,7,Contacts Request,200,OK,Thread Group 1-4,text,true,,17283,123,1,1,http://localhost/blog/contact,6,0,0
1647161858503,6,Home Request,200,OK,Thread Group 1-5,text,true,,18953,116,1,1,http://localhost/blog/,6,0,1
1647161858510,4,Contacts Request,200,OK,Thread Group 1-5,text,true,,17283,123,1,1,http://localhost/blog/contact,4,0,0
1647161859505,10,Home Request,200,OK,Thread Group 1-6,text,true,,18953,116,1,1,http://localhost/blog/,10,0,1
1647161859516,12,Contacts Request,200,OK,Thread Group 1-6,text,true,,17283,123,1,1,http://localhost/blog/contact,12,0,0
1647161860502,6,Home Request,200,OK,Thread Group 1-7,text,true,,18953,116,1,1,http://localhost/blog/,6,0,0
1647161860511,4,Contacts Request,200,OK,Thread Group 1-7,text,true,,17283,123,1,1,http://localhost/blog/contact,4,0,0
1647161861502,21,Home Request,200,OK,Thread Group 1-8,text,true,,18953,116,1,1,http://localhost/blog/,21,0,11
1647161861524,5,Contacts Request,200,OK,Thread Group 1-8,text,true,,17283,123,1,1,http://localhost/blog/contact,5,0,0
1647161862517,8,Home Request,200,OK,Thread Group 1-9,text,true,,18953,116,1,1,http://localhost/blog/,8,0,0
1647161862526,4,Contacts Request,200,OK,Thread Group 1-9,text,true,,17283,123,1,1,http://localhost/blog/contact,4,0,0
1647161863502,8,Home Request,200,OK,Thread Group 1-10,text,true,,18953,116,1,1,http://localhost/blog/,8,0,1
1647161863511,4,Contacts Request,200,OK,Thread Group 1-10,text,true,,17283,123,1,1,http://localhost/blog/contact,4,0,0
